76;0;76;76;223.1;18.5895;211;308;232.15;31.6387;167;308;413.11;69.9934;231;608;248.91;44.6224;135;354;706.28;86.937;504;983;2168;266.328;1513;2671;2623.02;306.319;1873;3224;2738.66;476.18;1416;3996;2814.74;394.847;1499;3250;1409.88;130.115;1033;1711;636.36;71.6421;481;883;2889.54;321.265;2035;3514;0;0;0;0;4;0;4;4;0;0;0;0;2168.47;279.438;1793;2660;0.831521;0.0276063;0.75778;0.878339;
76;0;76;76;220.95;7.632;209;234;233.03;42.7405;140;357;394.79;81.7815;167;589;233.9;49.1434;85;371;670.53;106.992;419;906;2162.31;316.912;1450;2652;2654.7;371.043;1917;3347;2772.48;536.445;1102;4036;2885.4;138.857;2686;3050;1286.18;151.764;933;1556;549.05;67.8055;391;677;2934.51;404.247;1884;3482;0;0;0;0;4;0;4;4;0;0;0;0;2107.44;88.999;1856;2234;0.843756;0.0191895;0.747985;0.868058;
76;0;76;76;216.12;6.50735;213;231;231.33;40.4285;123;346;387.66;68.2446;217;521;254.77;57.913;127;433;660.52;66.8862;513;825;1979.64;194.934;1651;2374;2414.24;231.998;2036;2929;2521.42;406.609;1526;3488;2606.12;152.337;2348;2802;1275.16;112.525;1093;1544;589.92;89.9617;470;843;2656.76;240.761;2284;3055;0;0;0;0;4;0;4;4;0;0;0;0;2128.61;68.3485;1959;2259;0.814725;0.0426647;0.678664;0.867762;
76;0;76;76;212.64;14.5873;201;265;234.92;36.2893;156;316;397.67;68.0331;270;579;250.15;40.8449;167;344;663.52;67.0487;540;795;2098.78;253.775;1640;2693;2570.12;299.889;2013;3251;2666.86;459.844;1766;4024;2772.12;205.903;2609;3529;1338.38;104.308;1183;1619;609.54;45.9831;533;716;2813.84;315.939;2245;3512;0;0;0;0;4;0;4;4;0;0;0;0;2083.83;134.049;1679;2264;0.826775;0.0239443;0.757986;0.877481;
76;0;76;76;194.9;6.35216;189;215;219.86;44.3173;106;314;375.61;71.5159;172;554;249.86;52.5184;116;396;653.38;94.2487;492;936;2000.01;232.454;1474;2370;2451.89;319.937;1858;3119;2582.93;485.901;1394;3536;2758.94;90.6599;2401;2911;1293.89;164.866;1009;1824;595.99;93.2325;440;897;2713.15;342.377;2003;3460;0;0;0;0;4;0;4;4;0;0;0;0;2061.95;129.788;1810;2271;0.822972;0.0231978;0.762347;0.865677;
76;0;76;76;213.25;5.691;204;221;232.08;42.9376;145;328;380.03;81.2749;205;556;242.63;49.2026;133;358;657.43;84.7276;505;942;1993.12;237.061;1607;2579;2427.64;313.735;1774;3225;2520.38;512.318;1372;3902;2677.7;134.614;2457;2915;1274.06;87.6378;1088;1564;550.68;51.9309;478;717;2707.48;322.876;2152;3576;0;0;0;0;4;0;4;4;0;0;0;0;2044.05;68.9135;1935;2250;0.823151;0.0223611;0.760054;0.884461;
71;0;71;71;245.6;7.13302;225;258;267.53;32.2327;193;383;443.16;58.5221;309;625;283.74;37.2174;175;389;744.56;69.0032;620;851;2094.16;175.699;1672;2344;2514.64;198.325;2098;2814;2645.29;351.439;1769;3374;2758.64;62.1179;2623;2925;1272.56;57.8737;1163;1386;558.64;35.5099;511;655;2797.28;230.731;2261;3212;0;0;0;0;4;0;4;4;0;0;0;0;2057.35;53.9552;1946;2182;0.805788;0.014262;0.765828;0.835772;
71;0;71;71;234.94;10.4123;219;248;255.53;34.0222;185;355;413.9;59.9684;289;570;273.88;40.681;165;397;705.74;59.7377;615;853;1939.48;166.357;1583;2374;2322.92;203.818;1929;2901;2454.52;333.812;1616;3270;2692.15;113.331;2566;2962;1298.99;63.2102;1216;1471;579.15;31.4014;509;716;2668.47;196.481;2393;3296;0;0;0;0;4;0;4;4;0;0;0;0;1983.14;66.0916;1835;2203;0.798752;0.0199749;0.729569;0.843506;
71;0;71;71;229.833;4.84481;219;232;237.972;39.0751;162;338;382.972;77.1346;244;597;240.861;44.1111;153;333;658.667;113.953;495;898;2082.94;380.46;1370;2794;2568.78;411.829;1863;3277;2602.89;610.749;1366;3898;2749.17;250.067;2190;2861;1265.61;152.536;1072;1634;554.333;78.2617;472;770;2801.72;486.121;1835;3487;0;0;0;0;4;0;4;4;0;0;0;0;2233.42;128.354;1852;2397;0.827444;0.0206156;0.753983;0.860923;
71;0;71;71;253.188;8.16409;241;268;249.844;37.9577;132;324;419.563;54.3834;266;544;273.781;38.4917;174;366;667.125;62.8688;533;766;2192.75;136.466;1630;2484;2668.44;166.35;2334;3115;2719.56;318.863;1748;3410;2769.06;63.3931;2701;2974;1235.19;71.0842;1099;1337;532.781;44.6771;426;601;2903.56;180.904;2220;3244;0;0;0;0;4;0;4;4;0;0;0;0;2139.94;51.9103;1940;2204;0.816814;0.0180358;0.771449;0.850119;
71;0;71;71;273.75;14.1346;263;328;257.76;34.05;178;364;444.01;60.9041;305;586;277.08;36.5452;186;398;715.03;75.5165;523;866;2222.72;241.429;1559;2662;2685.94;313.718;1724;3386;2746.68;419.035;1678;3868;2843.65;127.314;2612;3177;1262.45;92.6132;1002;1441;563.39;42.76;451;666;2938.5;311.003;2072;3510;0;0;0;0;4;0;4;4;0;0;0;0;2175.56;101.381;1971;2369;0.815134;0.0218034;0.73886;0.849861;
71;0;71;71;285.556;71.8302;229;410;238.861;24.4019;187;290;405.694;52.0688;305;526;256.306;31.7305;184;333;650.444;44.2471;604;722;2150.11;223.159;1725;2363;2554.33;187.607;2270;2767;2606.58;399.751;1619;3386;2615;365.781;2013;2884;1175.11;66.0613;1042;1248;540.444;62.5959;477;683;2792.56;267.109;2313;3104;0;0;0;0;4;0;4;4;0;0;0;0;2176.72;66.2544;2062;2355;0.819365;0.0188244;0.736761;0.844123;
71;0;71;71;273.25;10.9459;264;293;271.594;38.3771;163;342;453.938;60.3679;311;588;292.5;38.083;181;362;714.563;87.7859;488;880;2297.19;258.872;1639;2671;2772.41;282.712;2017;3199;2892.84;286.973;2084;3488;2958.69;79.3404;2887;3114;1282.88;134.52;945;1453;556.781;70.1074;390;651;3060.44;303.546;2250;3386;0;0;0;0;4;0;4;4;0;0;0;0;2110.77;115.111;1771;2274;0.816698;0.0107197;0.793472;0.851955;
71;0;71;71;253.063;14.4632;232;268;238.953;41.6884;128;344;403.938;65.5403;203;588;252.703;41.5262;118;350;656;79.211;530;865;2152;235.311;1772;2667;2645.91;279.283;2093;3169;2691.78;420.341;1550;3834;2886.25;90.2355;2728;3012;1211.38;88.646;1071;1396;517.844;44.2903;440;614;2905.53;284.085;2472;3525;0;0;0;0;4;0;4;4;0;0;0;0;2088.64;108.581;1899;2349;0.828134;0.0147537;0.782132;0.876173;
70;0;70;70;227.88;51.1659;183;337;224.28;45.9156;139;347;387.34;87.6603;204;602;239.93;57.632;126;383;639.36;130.483;418;899;2118.2;355.574;1233;2763;2614.72;412.343;1636;3281;2718.96;571.647;1256;3884;2457.24;458.987;1549;2900;1173.8;176.422;856;1635;512.76;98.0585;364;806;2824.12;432.456;1838;3651;0;0;0;0;4;0;4;4;0;0;0;0;2246.07;246.634;1554;2690;0.837693;0.0200938;0.774909;0.870815;
70;0;70;70;228.4;39.2739;180;286;224.28;52.3013;80;316;382.2;98.8781;146;559;243.21;67.3618;97;382;630.72;165.924;258;944;2049.58;391.145;848;2612;2562.2;468.525;1236;3116;2676.39;620.124;822;3684;2635.6;380.056;2024;3057;1265.7;334.989;519;2049;574.08;182.755;237;1038;2787.32;498.754;1106;3423;0;0;0;0;4;0;4;4;0;0;0;0;2240.78;145.007;1854;2616;0.833762;0.0206643;0.779422;0.864762;
71;0;71;71;243.6;8.82836;228;255;230.71;38.326;133;376;421.57;69.7043;255;622;263.1;38.9416;169;390;659.06;82.9158;501;903;2111.97;288.656;1531;3133;2525.94;340.339;1949;3516;2602.12;471.987;1476;3798;2799.35;95.317;2642;3083;1264.55;120.007;1004;1510;568.81;56.0708;465;688;2769.7;354.935;2087;3964;0;0;0;0;4;0;4;4;0;0;0;0;2076.02;109.386;1922;2465;0.814347;0.0212057;0.764508;0.862015;
71;0;71;71;265.45;15.2495;249;303;252.26;28.9612;168;313;435.69;56.1542;306;565;283.07;32.8031;194;363;699.74;65.9352;536;810;2261.98;195.321;1797;2624;2762.05;247.639;2147;3225;2866.18;349.744;1964;3836;2989.5;138.706;2748;3199;1307.43;95.7886;955;1771;580.68;60.363;435;998;3049.44;256.205;2413;3529;0;0;0;0;4;0;4;4;0;0;0;0;2107.04;68.7946;1845;2208;0.819584;0.0147123;0.785912;0.849915;
70;0;70;70;243.938;8.2194;237;257;265.141;25.4889;207;323;448.609;44.381;336;525;332.438;46.8691;240;434;785.938;64.8869;670;895;1774.75;133.012;1593;2039;2026.38;142.183;1832;2326;2115.5;237.243;1600;2644;2091.44;257.535;1683;2482;1595.88;183.021;1181;1835;858.25;117.528;609;1056;2225.88;153.981;1983;2484;0;0;0;0;4;0;4;4;0;0;0;0;2106.33;203.479;1793;2455;0.726838;0.0399576;0.62228;0.787986;
70;0;70;70;189.04;10.0856;167;198;198.78;40.3724;108;305;342.11;84.8929;142;593;216.91;53.5117;87;356;572.16;104.449;403;812;2037.04;327.743;1393;2599;2589.48;378.111;1863;3178;2682.82;602.277;1288;3842;2830.48;137.131;2504;2950;1266.8;165.671;969;1634;556.72;94.0849;429;756;2828.36;389.809;2161;3547;0;0;0;0;4;0;4;4;0;0;0;0;2002.26;115.531;1831;2335;0.848705;0.0305995;0.742708;0.893897;
70;0;70;70;187.2;3.63318;183;192;202.39;35.6956;129;293;350.31;84.2898;176;572;208.71;43.2882;125;312;586.36;105.217;418;813;2071.12;315.002;1580;2769;2642.44;350.198;2091;3438;2737.2;570.696;1448;4080;2819.96;118.446;2707;3059;1296.56;135.172;1037;1556;542;57.8432;441;648;2881.08;386.922;2220;3747;0;0;0;0;4;0;4;4;0;0;0;0;2067.55;115.314;1898;2461;0.857021;0.0190416;0.804734;0.901132;
71;0;71;71;251.194;22.0401;239;303;254.778;28.484;204;303;411.278;55.2633;295;514;256.889;41.7132;187;352;630.778;73.7055;451;768;2054.81;266.958;938;2485;2519.19;317.882;1215;2943;2660.33;290.959;2068;3172;2306.42;544.3;1053;2641;1201.08;176.206;589;1551;526.972;99.128;219;715;2704.22;363.75;1138;3214;0;0;0;0;4;0;4;4;0;0;0;0;2455.25;94.0988;2074;2605;0.82296;0.0287488;0.751061;0.857323;
70;0;70;70;118.24;9.09628;100;129;142.23;25.3373;94;211;311.34;52.7599;189;454;172.8;30.3018;102;253;597.56;79.1321;475;740;2150.23;239.385;1757;2503;2676.03;298.196;2142;3257;2783.88;375.468;1912;3666;2905.31;130.358;2665;3072;1454.98;119.253;1216;1684;653.11;63.4263;552;799;2945.83;297.482;2398;3483;0;0;0;0;4;0;4;4;0;0;0;0;2032.39;79.1588;1906;2188;0.88279;0.015674;0.844121;0.917728;
70;0;70;70;275.95;20.5462;213;293;232.01;19.5179;180;283;366;37.4868;258;439;211.38;18.4368;165;260;561.75;45.2823;493;675;2263.79;177.757;1918;2674;2871.08;225.112;2406;3273;2919.41;338.946;1967;3630;3056.8;106.639;2891;3207;1344.86;70.6716;1204;1476;573.29;31.3044;508;632;3087.04;237.864;2530;3569;0;0;0;0;4;0;4;4;0;0;0;0;2002.41;61.3619;1909;2213;0.864088;0.0117439;0.834334;0.891975;
70;0;70;70;265.94;6.54953;254;276;217.85;16.6802;163;258;349.24;32.6071;257;420;207.09;23.8533;159;265;525.88;42.3366;457;641;2184.2;182.789;1789;2528;2830.16;257.595;2319;3270;2897.88;334.746;1962;3472;3045.66;194.199;2795;3280;1324.12;57.1569;1192;1430;556.42;24.7751;499;603;3060.14;273.46;2498;3593;0;0;0;0;4;0;4;4;0;0;0;0;1964.48;61.315;1825;2080;0.865006;0.021506;0.815078;0.90011;
70;0;70;70;278.7;5.44151;266;287;231.58;18.8001;176;274;363.05;34.4626;247;457;212.08;21.0816;154;280;537.54;38.0559;466;619;2230.52;128.332;1927;2436;2857.58;159.749;2426;3145;2912.71;264.199;2100;3470;3067;72.1554;2919;3134;1322.9;47.4912;1201;1408;567.56;23.5152;506;597;3058.08;155.54;2707;3298;0;0;0;0;4;0;4;4;0;0;0;0;1969.2;37.0281;1896;2028;0.863899;0.0117777;0.827432;0.883799;
70;0;70;70;245.25;28.0408;222;292;233.53;22.0918;190;312;369.29;35.7377;271;464;218.65;26.5384;175;334;549.67;43.0542;475;633;2280.06;148.107;2003;2625;2914.65;224.079;2232;3441;3009.63;277.184;2314;3671;3100.45;97.5825;2969;3227;1381.69;89.177;1212;1629;591.51;45.8529;519;748;3128.87;202.604;2744;3628;0;0;0;0;4;0;4;4;0;0;0;0;1988.61;65.2844;1864;2164;0.864106;0.0159057;0.778881;0.886907;
70;0;70;70;163;6.44205;153;170;183.29;20.2358;144;232;335.24;37.067;244;428;201.08;22.0326;163;301;602.85;51.6547;471;690;2124.39;185.792;1756;2459;2727.8;220.126;2327;3177;2872.24;317.009;2146;3574;2950.5;93.3742;2824;3082;1444.76;74.8243;1276;1587;627.43;34.5231;543;707;3017.64;213.346;2595;3360;0;0;0;0;4;0;4;4;0;0;0;0;1869.86;67.7029;1746;2023;0.868186;0.0161479;0.820313;0.900483;
70;0;70;70;170.72;18.3783;146;218;190.92;20.6304;139;261;317.94;42.0742;243;440;199.89;20.6213;152;259;539.96;49.15;459;642;2115.5;161.176;1802;2453;2791.66;214.835;2381;3370;2879.1;325.005;2126;3938;3041.7;66.9179;2969;3225;1321.32;63.0439;1214;1482;568.18;30.6762;508;653;3011.04;194.154;2576;3341;0;0;0;0;4;0;4;4;0;0;0;0;1879.59;37.1293;1823;1977;0.869579;0.0111826;0.845353;0.900875;
70;0;70;70;159.92;5.38085;151;167;182.64;21.382;130;226;313.63;39.5795;230;426;195.94;24.2375;141;254;534.48;54.6546;451;659;2052.16;141.869;1806;2348;2709.92;177.903;2342;3175;2828.36;290.143;2018;3516;3015.4;126.299;2828;3174;1360.44;67.9494;1222;1523;591.68;34.6845;541;673;2970.44;212.249;2604;3410;0;0;0;0;4;0;4;4;0;0;0;0;1825.59;52.8786;1753;2020;0.870129;0.0127597;0.834918;0.89881;
70;0;70;70;165.88;21.2392;148;270;180.71;26.8165;121;250;318.04;44.5805;205;454;199.16;26.9573;137;251;585.44;68.3565;468;723;2020.38;230.996;1516;2388;2614.36;302.551;1953;3015;2701.45;404.073;1788;3466;2798.14;143.95;2453;2931;1449.74;127.286;1229;1636;656.06;62.2101;543;747;2861.96;321.109;2188;3340;0;0;0;0;4;0;4;4;0;0;0;0;1865.94;138.294;1615;2113;0.861755;0.013782;0.825331;0.894035;
70;0;70;70;207.18;4.18899;200;213;200.39;25.3566;128;260;314.82;47.6736;199;418;192.5;32.4723;102;276;499.8;64.2249;395;628;1994.7;224.216;1655;2375;2578.14;313.665;2014;3163;2671.15;442.325;1532;3516;2713.02;52.7464;2647;2931;1268.7;110.025;1043;1505;523.1;50.9648;428;627;2749.68;304.327;2120;3311;0;0;0;0;4;0;4;4;0;0;0;0;1976.39;89.3658;1849;2160;0.864597;0.0184056;0.795404;0.894525;
70;0;70;70;232.422;10.8323;220;255;234;16.679;197;266;368.656;30.329;285;433;213.531;18.8414;162;251;553.813;31.8104;482;616;2252.38;165.835;1920;2470;2880.88;222.024;2307;3272;3017.48;296.808;2276;3582;3019.09;137.359;2793;3142;1391.47;67.1919;1270;1499;588.766;27.0097;538;640;3100.39;210.728;2463;3355;0;0;0;0;4;0;4;4;0;0;0;0;2038.16;58.618;1898;2151;0.867299;0.0111756;0.826645;0.882843;
70;0;70;70;238.12;4.95031;233;245;241.12;16.8892;202;279;377.25;36.4457;287;460;225.02;28.4991;169;334;583.72;59.178;488;735;2218.64;154.368;1928;2480;2859.36;192.286;2485;3173;2971.47;269.757;2274;3596;3003.4;98.5604;2856;3136;1445.88;108.068;1298;1721;601.2;64.503;513;770;3073.8;193.037;2678;3417;0;0;0;0;4;0;4;4;0;0;0;0;2015.84;60.86;1863;2134;0.858381;0.0206974;0.780097;0.884974;
70;0;70;70;277.333;6.54896;269;286;250.944;11.6832;224;271;362.472;13.7709;335;410;251.833;14.8689;216;281;535.222;21.0385;512;606;1564.89;78.7047;1455;1801;1882.83;89.2464;1808;2136;1901.81;54.255;1820;2064;2197;127.597;2026;2332;877.444;70.7917;816;1102;403.611;31.0164;368;489;2036.56;140.884;1877;2505;0;0;0;0;4;0;4;4;0;0;0;0;1924.03;52.1326;1858;2055;0.766056;0.0137647;0.740187;0.802379;
70;0;70;70;267.3;44.568;241;443;220.59;22.1021;181;304;361.1;39.5362;261;454;220.62;26.5988;178;350;605.64;59.6536;451;827;2292.54;223.779;1574;2724;2904.81;305.275;1901;3549;2965.73;400.789;1942;3920;3142;212.93;2716;3462;1393.44;126.03;1077;1609;585.59;77.1982;432;1058;3148.14;344.724;2174;3812;0;0;0;0;4;0;4;4;0;0;0;0;2100.07;90.4403;1914;2238;0.860156;0.0190535;0.754041;0.890611;
70;0;70;70;253.611;4.12498;237;256;219.417;23.0776;160;271;351.278;27.7034;293;417;202.333;26.3934;150;253;591.5;33.9464;547;662;2308.06;114.139;2075;2616;2925.67;149.471;2736;3380;2954.42;247.033;2408;3500;3217.56;65.5958;3115;3317;1383.33;63.4385;1283;1504;569.111;41.3117;509;639;3162.67;174.267;2926;3705;0;0;0;0;4;0;4;4;0;0;0;0;2059.22;26.806;2020;2119;0.871642;0.0148994;0.834667;0.898408;
70;0;70;70;302.11;6.75706;290;319;270.45;17.74;225;308;396.5;27.7836;313;468;272.55;16.1111;232;308;629.53;38.3824;572;719;2076.85;101.432;1851;2390;2632.79;106.687;2387;2994;2665.85;183.737;2143;3020;2895.01;99.5338;2745;3067;1477.05;46.2548;1412;1600;652.16;24.2774;597;709;2872.62;130.535;2661;3320;0;0;0;0;4;0;4;4;0;0;0;0;2056.71;37.2841;1979;2140;0.81405;0.0119023;0.766298;0.835524;
70;0;70;70;298.438;15.8429;283;342;250.5;19.4221;199;297;386.75;27.385;292;435;241.922;20.0315;169;284;591.656;33.5742;505;654;2071.19;74.0918;1878;2171;2528.16;93.0534;2332;2712;2605.8;167.327;1942;2934;2754.69;61.2053;2661;2971;1676.69;59.4535;1456;1740;814.969;37.0333;713;878;2733.56;87.0424;2479;2856;0;0;0;0;4;0;4;4;0;0;0;0;1934.86;35.7823;1852;1994;0.829836;0.0136677;0.806512;0.863014;
70;0;70;70;257.28;3.91428;248;264;220.56;20.455;166;268;349.11;32.6707;280;425;215.72;26.4591;162;293;553.48;52.9801;479;665;2121.44;197.109;1729;2474;2754.68;251.008;2286;3210;2825.61;327.499;2006;3594;3016.72;132.616;2795;3389;1416.92;79.3115;1300;1610;613.8;61.9826;537;788;2973.68;257.497;2448;3418;0;0;0;0;4;0;4;4;0;0;0;0;1920.76;51.0721;1783;2006;0.856238;0.0261087;0.76974;0.889871;
70;0;70;70;261.7;4.9;256;270;232.59;21.6648;165;287;376.61;41.5884;265;464;223.82;21.7096;179;272;576.76;48.6167;460;666;2294.66;112.552;2055;2528;2953;110.972;2693;3175;3006.75;207.148;2453;3570;3157.7;51.0824;3100;3216;1338.58;74.1685;1220;1473;560.28;42.2644;482;624;3170.26;109.448;2845;3392;0;0;0;0;4;0;4;4;0;0;0;0;1930.99;35.0592;1849;2010;0.861166;0.0131554;0.821624;0.885651;
70;0;70;70;207.26;4.74051;202;222;216.18;18.2917;166;271;349.69;43.4902;255;469;210.76;27.8004;148;283;578.28;60.4718;471;712;2131.74;144.444;1836;2378;2699.02;180.348;2348;3003;2799.02;265.107;2100;3344;2951.26;32.5354;2921;3030;1376.72;66.8225;1291;1514;577.76;34.521;515;647;2940.56;180.262;2593;3269;0;0;0;0;4;0;4;4;0;0;0;0;1963.97;65.3796;1852;2084;0.859564;0.0167339;0.81602;0.887446;
70;0;70;70;222.78;7.01795;204;231;225.5;20.7487;171;266;363.44;40.7206;259;480;215.23;21.5099;158;275;603.08;49.9547;518;724;2188.98;159.575;1878;2512;2783.46;199.93;2373;3161;2885.25;296.47;2259;3627;3018.28;60.4391;2898;3116;1449.78;53.89;1336;1562;606.08;25.892;537;678;3043.28;183.906;2652;3404;0;0;0;0;4;0;4;4;0;0;0;0;1998.07;31.0636;1911;2046;0.860722;0.0109888;0.833509;0.889394;
64;0;64;64;219.375;6.0195;213;226;224.609;26.3241;165;280;372.328;46.5497;217;469;217.734;27.396;127;275;584.313;48.7964;482;676;2172.72;148.874;1788;2395;2695.31;213.62;2242;3009;2852.09;407.681;1844;3672;2950.25;48.887;2852;2988;1451.22;74.8669;1342;1557;618.281;36.8496;553;690;2930.22;225.117;2451;3278;0;0;0;0;4;0;4;4;0;0;0;0;1996.23;54.9388;1886;2166;0.857041;0.016224;0.809886;0.883314;
70;0;70;70;218.97;10.9146;201;240;211.95;21.6386;143;265;343.9;33.9722;258;431;207.08;23.1416;153;268;546.12;39.3777;464;635;2210.48;144.498;1927;2494;2878.55;205.832;2324;3278;2992.34;287.029;2242;3642;3133.06;121.105;2749;3299;1440.13;69.7868;1279;1579;610.07;35.8115;527;679;3136.83;176.964;2724;3404;0;0;0;0;4;0;4;4;0;0;0;0;1985.94;72.2022;1814;2111;0.870239;0.0119844;0.840933;0.891443;
70;0;70;70;197.94;7.55357;190;210;216.31;19.3472;171;272;359.41;36.9551;264;442;215.58;21.0253;170;278;598.58;41.9829;473;670;2314.26;149.614;1969;2541;2997.2;185.612;2515;3332;3128.63;283.584;2270;3676;3249.58;62.8637;3175;3377;1497.56;74.0411;1298;1644;646.24;40.8488;544;759;3290.58;197.335;2761;3666;0;0;0;0;4;0;4;4;0;0;0;0;2032.56;38.9547;1964;2127;0.870733;0.010648;0.833633;0.88993;
64.8333;0.372678;64;65;241.944;12.2269;232;291;229.972;24.5125;175;278;390.139;51.1301;265;472;221.556;23.9333;171;275;596.056;51.3263;503;665;1974.72;186.178;1589;2243;2394.78;182.706;2056;2678;2533.81;337.274;1838;3194;2623.56;68.9945;2353;2678;1395.89;77.2002;1278;1560;611.556;34.6702;568;676;2577.11;219.414;2138;2911;0;0;0;0;4;0;4;4;0;0;0;0;1952.75;48.8242;1857;2039;0.838442;0.00952703;0.815665;0.856157;
64;0;64;64;259.6;5.32165;254;268;229.62;21.3147;175;283;369.17;36.5511;224;453;227.21;25.5144;152;324;591.92;49.2917;486;671;2072.52;154.705;1701;2297;2564.48;176.423;2214;2892;2613.7;256.079;1722;3172;2751.44;35.6966;2687;2790;1466.96;75.2396;1358;1651;661.12;45.8487;599;762;2770.04;182.964;2385;3112;0;0;0;0;4;0;4;4;0;0;0;0;1971.14;44.1561;1902;2044;0.83955;0.0165134;0.750673;0.866559;
70;0;70;70;281.5;43.0099;250;403;229.57;26.1825;163;313;396;52.9879;258;550;235.83;30.4003;175;321;638.6;74.85;498;779;2159.16;203.891;1629;2581;2625.38;225.421;2085;2991;2714.68;357.051;1710;3733;2894.2;65.4107;2729;2971;1489.98;122.472;1282;1784;676.06;67.2944;573;855;2884.44;228.422;2279;3382;0;0;0;0;4;0;4;4;0;0;0;0;1947.94;70.8401;1840;2201;0.839176;0.0178016;0.760165;0.86531;
64;0;64;64;216.7;1.9;214;219;227.98;20.511;162;269;373.01;42.2158;227;469;222;31.6225;146;314;607.56;52.6449;478;692;2065;153.631;1765;2393;2538.86;193.66;2091;2930;2645.53;307.621;1772;3272;2757.8;35.0308;2711;2793;1457.6;72.213;1299;1609;660.56;41.5313;594;755;2738.48;174.339;2410;3186;0;0;0;0;4;0;4;4;0;0;0;0;1971.98;48.4211;1901;2074;0.843612;0.0272553;0.732014;0.882082;
64;0;64;64;240.167;3.18416;238;251;220.361;16.2995;187;257;385.056;24.5707;343;451;232.306;19.9511;193;270;675.889;47.1662;541;773;2537.11;221.72;2168;2986;3195.44;331.543;2458;3758;3302.64;398.193;2474;4196;3533.72;198.682;3093;3836;1664;66.6158;1514;1780;691.333;38.1051;617;757;3509.72;339.184;2794;4134;0;0;0;0;4;0;4;4;0;0;0;0;1904.03;45.5872;1747;1946;0.866307;0.0238237;0.804522;0.898643;
64;0;64;64;228.84;7.25082;221;254;204;12.14;181;246;348.25;18.874;305;395;196.36;12.3819;158;232;575.86;23.9487;544;635;2469.47;87.0009;2094;2639;3232.6;124.689;2720;3453;3281.07;158.247;2910;3588;3504.35;118.69;2967;3599;1526.19;31.9542;1455;1604;596.27;16.5196;571;655;3501.54;131.075;3140;3754;0;0;0;0;4;0;4;4;0;0;0;0;1942.32;28.5646;1892;2019;0.886922;0.0075133;0.863593;0.906949;
63;0;63;63;250.3;4.55082;242;256;223.15;15.2626;195;267;349.48;26.1226;285;453;208.49;13.2646;178;252;577.31;42.1385;517;779;2487.25;92.6847;2298;2783;3345.41;117.194;3109;3655;3420.77;205.704;2868;3868;3665.45;56.1324;3596;3776;1464.66;41.8811;1390;1622;562.68;23.7166;533;688;3647.95;126.424;3319;3964;0;0;0;0;4;0;4;4;0;0;0;0;1849.29;25.6325;1806;1918;0.884972;0.00611848;0.869261;0.898362;
63;0;63;63;240.389;3.2853;236;247;226.75;12.9301;186;256;375.528;27.7023;304;426;220.778;12.1315;193;247;639.944;39.6351;559;704;2565.33;97.8593;2342;2676;3377.61;109.495;3143;3487;3462;188.497;3042;3841;3513.78;98.411;3270;3595;1564;70.9264;1445;1689;618.889;36.3148;556;665;3657.11;110.622;3419;3778;0;0;0;0;4;0;4;4;0;0;0;0;1947;12.6732;1919;1965;0.879988;0.00550596;0.867133;0.890397;
63;0;63;63;164.556;2.91018;159;168;172.028;20.2532;114;210;304.083;33.2477;207;362;187.472;22.6807;148;247;528;28.3235;490;574;1913.56;41.4732;1843;1980;2415.44;93.7575;2249;2595;2524.08;223.036;1966;2934;2605.44;40.017;2507;2654;1323;41.1636;1260;1391;561.222;24.787;529;601;2640.22;130.728;2470;2866;0;0;0;0;4;0;4;4;0;0;0;0;1873.81;42.3234;1793;1928;0.861384;0.0147865;0.826853;0.884965;
63;0;63;63;194.14;6.41252;185;202;176.28;14.4084;142;210;308.81;18.616;252;344;173.81;12.2088;153;210;525.64;18.7091;484;561;2413.6;79.0633;2171;2531;3206.86;104.797;2940;3372;3293.82;175.231;2718;3676;3454.58;52.2322;3353;3526;1506.36;27.4181;1426;1555;579.12;9.80131;552;595;3484.76;93.5232;3231;3639;0;0;0;0;4;0;4;4;0;0;0;0;1680.65;15.084;1658;1714;0.899681;0.00594264;0.880885;0.912797;
63;0;63;63;220.6;5.4074;215;232;201.16;13.4861;173;238;337.96;18.9536;286;374;190.53;10.4522;171;228;553.74;23.3288;504;613;2543.08;55.8497;2440;2656;3320.02;86.5269;3093;3516;3394.44;142.257;2918;3704;3573.4;47.365;3453;3657;1465.4;25.7884;1430;1542;555.94;16.8492;528;594;3589.78;87.8199;3356;3762;0;0;0;0;4;0;4;4;0;0;0;0;1967.74;20.7724;1922;2012;0.893614;0.00588949;0.875546;0.906175;
63;0;63;63;221.02;4.42036;216;234;199.04;12.8918;164;224;351.38;27.4841;291;430;193.26;13.2511;163;229;586.48;36.1155;524;651;2492.9;110.652;2203;2713;3164.06;132.179;2811;3432;3236.93;199.987;2642;3592;3468.7;54.6821;3345;3543;1458.74;39.4922;1384;1540;567.1;16.3661;537;595;3440.34;132.715;3124;3697;0;0;0;0;4;0;4;4;0;0;0;0;1881.97;18.1193;1856;1930;0.887182;0.00653483;0.866621;0.90142;
63;0;63;63;226.92;5.80978;219;238;207.79;14.1423;158;247;359.41;21.4402;307;412;196.31;12.6085;164;249;591.68;22.4494;531;628;2525.48;117.775;2252;2669;3229.52;177.236;2816;3475;3301.02;207.179;2700;3642;3479;93.6718;3320;3586;1459.68;28.8052;1394;1513;568.64;10.9357;542;592;3507.84;166.153;3125;3706;0;0;0;0;4;0;4;4;0;0;0;0;2010.32;33.0608;1920;2056;0.887499;0.00764513;0.860465;0.901535;
64;0;64;64;263.75;13.2547;245;279;211.891;12.3074;189;248;362.047;27.5978;292;478;208.859;17.1663;185;296;616.125;25.5168;571;678;2435.56;129.667;2109;2628;3131.44;177.387;2673;3367;3193.75;224.007;2608;3652;3274;167.859;3070;3469;1580.06;39.899;1494;1642;649.125;33.5613;587;707;3402.06;168.109;2998;3627;0;0;0;0;4;0;4;4;0;0;0;0;2003.11;35.5498;1913;2062;0.876713;0.0127832;0.829395;0.89637;
69;0;69;69;209;15.6652;188;229;186.82;21.78;135;239;331.91;40.0465;242;454;198.59;35.7796;143;339;587.14;65.3354;481;776;2288.04;118.667;2077;2534;2947.9;174.722;2674;3308;3024.22;274.603;2314;3573;3217.4;62.0809;3180;3341;1607.32;109.905;1427;1884;676.26;72.4469;585;861;3206.32;154.003;2914;3554;0;0;0;0;4;0;4;4;0;0;0;0;1720.55;52.21;1648;1851;0.876025;0.0243493;0.789767;0.907334;
69;0;69;69;195.76;8.42511;184;206;175.7;20.3364;132;220;316.47;37.2117;253;413;179.97;20.413;143;243;555.08;52.611;495;708;2391.68;122.004;2160;2610;3147.72;139.148;2871;3414;3251.3;220.04;2730;3730;3456.04;56.1722;3407;3533;1569.2;53.6134;1494;1687;621.56;27.1132;585;678;3431.08;134.097;3177;3677;0;0;0;0;4;0;4;4;0;0;0;0;1717.16;28.3809;1664;1795;0.89509;0.00944397;0.869495;0.913149;
63;0;63;63;238.167;14.2527;218;256;230.611;20.5119;193;273;404.778;31.1654;337;472;251.278;23.0345;196;296;691.111;61.9345;592;784;2460.06;158.489;2154;2680;3197.56;199.455;2789;3422;3379.64;268.818;2808;3891;3476.83;157.775;3192;3640;1672.11;122.936;1464;1827;707.278;57.9461;610;788;3546.56;201.373;3139;3813;0;0;0;0;4;0;4;4;0;0;0;0;1833.64;34.1257;1792;1898;0.861113;0.0137293;0.827989;0.887224;
63;0;63;63;190.82;5.43577;176;201;178.1;16.2083;132;217;347.07;39.4678;251;452;193.59;22.9922;143;265;627.87;61.9302;520;753;2373.99;99.0546;2198;2556;3007.1;90.1222;2853;3236;3089.63;176.003;2473;3564;3319.91;64.9029;3256;3530;1525.98;43.9782;1443;1604;620.08;27.2098;566;665;3268.8;99.0827;3080;3465;0;0;0;0;4;0;4;4;0;0;0;0;1672.98;23.5023;1646;1724;0.88202;0.012969;0.839101;0.905978;
63.06;0.237487;63;64;223.9;5.41202;219;231;204.23;13.5424;171;235;335.87;28.6104;272;422;210.24;18.0045;168;258;571.06;41.6358;486;647;2247.32;87.8934;1970;2436;2860.38;112.955;2587;3077;2930;201.554;2347;3484;3176.5;61.6948;3085;3274;1533.9;47.097;1428;1629;635.9;30.169;586;695;3139.26;121.41;2824;3404;0;0;0;0;4;0;4;4;0;0;0;0;1905.39;37.3041;1830;1989;0.865609;0.0138297;0.824311;0.886949;
63;0;63;63;216.9;4.04846;212;223;193.67;12.3564;162;231;344.3;19.898;307;408;191.27;13.7141;160;245;555.22;28.7557;490;619;2334.99;99.8622;2138;2537;2957.78;120.347;2703;3171;3056.31;172.628;2508;3340;3226.8;72.3067;2987;3282;1402.58;45.187;1314;1488;559.35;28.4198;509;627;3226.71;121.603;2918;3462;0;0;0;0;4;0;4;4;0;0;0;0;1920.57;31.651;1879;1990;0.881869;0.0106694;0.844098;0.900187;
63;0;63;63;217.88;33.514;201;336;190.4;15.1413;154;249;338.24;24.7795;293;433;195.07;14.9018;158;263;545.48;38.0159;500;673;2216.62;98.6535;2030;2407;2798.84;115.892;2603;3043;2909.43;177.803;2400;3271;3042.68;57.6297;2974;3224;1393.16;86.1625;1301;1776;567.56;53.1278;512;827;3061.86;105.337;2878;3259;0;0;0;0;4;0;4;4;0;0;0;0;1904.39;26.3416;1849;1972;0.874126;0.0091589;0.844543;0.891909;
63;0;63;63;212;1;210;213;191.328;13.1435;167;231;351.625;27.5508;303;420;183.172;9.70592;161;204;565.75;41.0069;519;657;2429.69;131.201;2248;2634;3086.88;119.841;2912;3282;3190.72;153.318;2678;3508;3333.88;55.9496;3279;3403;1439.56;32.8747;1392;1488;565;11.2583;542;585;3360.94;112.557;3152;3554;0;0;0;0;4;0;4;4;0;0;0;0;1900.55;26.1617;1859;1937;0.891307;0.00560985;0.87696;0.906187;
62;0;62;62;200.4;5.8;197;215;177.15;15.5083;132;224;306.16;33.0714;228;398;192.08;18.6278;158;269;563.68;42.083;498;630;2161;121.049;1842;2457;2786.22;137.933;2473;3163;2898.43;234.638;2398;3532;3077.2;52.994;2978;3163;1456.06;43.8932;1397;1569;591.22;30.1982;543;678;3086.88;143.441;2785;3450;0;0;0;0;4;0;4;4;0;0;0;0;1619.19;26.0633;1561;1678;0.87511;0.0141805;0.839516;0.902307;
62.06;0.237487;62;63;194.1;4.34626;182;199;180.54;21.8084;143;245;313.93;56.9565;238;517;195.22;28.7404;141;265;568.08;93.0163;432;723;2146.96;148.149;1868;2499;2770.26;148.955;2415;3016;2872;239.538;2278;3470;3052.7;56.4731;2908;3136;1443.14;89.5859;1323;1644;586.68;50.3398;509;687;3053.56;161.73;2694;3308;0;0;0;0;4;0;4;4;0;0;0;0;1613.65;30.1627;1564;1679;0.872464;0.0175328;0.817312;0.902423;
63.19;0.392301;63;64;185.04;3.71193;179;192;166.68;13.1574;133;194;316.61;25.8112;252;395;177.04;15.4686;146;216;573.18;28.733;508;628;2451.29;72.4572;2309;2594;3180.86;102.925;2990;3393;3274.44;167.582;2595;3740;3467.9;112.84;3200;3577;1544.69;35.6611;1480;1621;615.42;15.6232;578;646;3475.06;104.887;3262;3738;0;0;0;0;4;0;4;4;0;0;0;0;1705.12;29.7867;1659;1764;0.897214;0.00986747;0.870599;0.916187;
63;0;63;63;176.875;11.4448;171;231;184.531;11.8202;158;218;347.594;28.7161;272;411;192.469;21.261;151;259;577.875;35.6877;525;636;2306.84;101.952;2153;2532;2889.91;126.24;2664;3166;3027.36;176.15;2557;3395;3229.59;87.4374;2964;3432;1443.16;59.3549;1352;1567;582.563;33.6906;538;660;3146.41;134.582;2886;3469;0;0;0;0;4;0;4;4;0;0;0;0;1901.36;24.1721;1856;1974;0.880192;0.0142395;0.828817;0.901717;
63;0;63;63;167.6;5.86856;159;173;183.31;14.4151;152;224;323.3;23.579;247;391;188.18;16.2132;158;229;524.74;27.0975;472;586;2113.92;95.8357;1857;2282;2671.6;104.822;2290;2824;2785.57;178.342;2116;3166;2949.6;51.3015;2882;3014;1356.08;33.2697;1269;1428;543.78;21.2436;504;587;2928.04;111.238;2562;3165;0;0;0;0;4;0;4;4;0;0;0;0;1890.42;26.6853;1827;1937;0.873155;0.0113496;0.844232;0.894541;
64;0;64;64;212;31.0805;188;306;208.25;18.0037;172;248;365.444;26.8767;306;460;212.167;18.5555;166;251;592.75;64.099;537;917;2272.22;142.759;2002;2675;2857.31;200.031;2464;3253;2978.83;252.014;2488;3570;3052.5;76.9995;2936;3132;1413.97;143.812;1239;1990;599.583;83.6107;518;998;3098.39;192.79;2692;3564;0;0;0;0;4;0;4;4;0;0;0;0;2009.64;92.1973;1801;2113;0.866157;0.0167627;0.819767;0.891361;
63;0;63;63;182.36;16.3704;168;216;198.05;14.4218;162;235;366.56;25.9886;307;422;195.49;11.8865;167;232;599.88;33.1117;534;656;2411.2;147.309;2013;2602;3063.4;150.91;2714;3324;3186.26;184.622;2732;3570;3328.74;130.274;3052;3506;1416.86;26.6743;1370;1472;560.5;12.4471;540;585;3326.16;152.933;3003;3618;0;0;0;0;4;0;4;4;0;0;0;0;1886.2;18.9879;1855;1935;0.88406;0.00927728;0.85724;0.902539;
63;0;63;63;211.889;3.72512;208;217;201.611;12.6013;178;243;353;25.4984;302;413;211.917;18.2291;175;271;572.556;28.3906;531;616;2231.11;114.903;2081;2448;2803.67;129.292;2610;3045;2902.72;186.62;2364;3222;3080.33;100.476;2968;3171;1473.22;38.3805;1400;1527;613.556;23.6131;566;646;3087.11;142.916;2886;3350;0;0;0;0;4;0;4;4;0;0;0;0;1912.86;44.1369;1854;1996;0.863571;0.0132498;0.809758;0.879857;
64;0;64;64;188.25;2.58602;184;191;207.444;16.9549;171;252;380.083;42.3316;288;502;217.361;24.436;168;271;653.833;55.2768;530;759;2427.97;118.212;2184;2676;3080.64;173.644;2736;3463;3308.42;313.984;2566;4268;3136;115.063;2938;3223;1604.61;82.2838;1412;1703;671.278;35.6952;587;725;3371.92;219.887;2892;3755;0;0;0;0;4;0;4;4;0;0;0;0;2083.53;35.9857;1949;2133;0.876368;0.0122165;0.845716;0.904493;
63;0;63;63;224.18;5.07421;212;227;201.48;13.6349;172;249;359.88;24.167;313;419;196.16;15.6906;162;244;582.52;27.0727;533;676;2424.02;78.7803;2245;2556;3069.08;102.505;2829;3230;3183.2;165.499;2790;3519;3349.9;77.9608;3096;3433;1452.52;27.988;1402;1512;584.56;17.5626;537;631;3355.28;118.175;3094;3536;0;0;0;0;4;0;4;4;0;0;0;0;1856.79;30.0993;1808;1904;0.883663;0.010675;0.844089;0.905814;
63.18;0.384187;63;64;222.48;32.1629;198;289;191.55;14.455;158;228;335.85;29.92;262;423;188.57;14.2935;158;237;554.34;45.8491;497;666;2415.2;170.16;2022;2672;3082.02;183.602;2715;3352;3172.49;234.198;2286;3548;3367.84;175.898;3022;3553;1485.86;66.8216;1380;1616;589.88;25.891;556;648;3358.76;188.807;2880;3640;0;0;0;0;4;0;4;4;0;0;0;0;1891.81;46.3568;1794;1995;0.887421;0.00958648;0.847109;0.903614;
63;0;63;63;166;4.30116;160;171;177.333;11.6667;153;202;311.167;24.0052;261;361;175.417;11.9638;144;205;497.639;30.0427;445;549;2168.06;66.6466;2074;2309;2779.06;86.0513;2656;2926;2912.36;146.808;2563;3156;3014;52.6925;2937;3075;1335.33;34.8266;1289;1412;523.25;24.8063;482;569;3049.19;78.2655;2940;3188;0;0;0;0;4;0;4;4;0;0;0;0;1948.83;9.86999;1933;1981;0.88632;0.00643979;0.874497;0.898019;
63;0;63;63;216.813;21.8438;172;235;193.047;15.6479;160;246;357.938;29.2958;295;433;214.313;19.7293;170;268;594.75;47.8585;515;667;2349.94;139.071;2074;2547;3014.63;151.544;2748;3189;3140.55;201.469;2632;3592;3380.75;199.869;3041;3545;1434.63;72.3808;1333;1561;584.5;37.338;536;649;3294.75;154.118;3063;3555;0;0;0;0;4;0;4;4;0;0;0;0;1822.98;32.6154;1759;1880;0.872134;0.00999957;0.850914;0.894443;
62;0;62;62;180.15;4.39631;173;186;192.67;12.8834;166;236;376.15;22.1916;303;428;196.18;10.0184;174;225;687.27;32.4286;598;738;2827.26;107.376;2645;3043;3718.02;139.28;3530;3995;3911.88;183.555;3486;4356;4122.65;55.7748;4062;4223;1767.71;61.584;1665;1882;713.22;28.0822;654;776;4106.08;151.175;3854;4444;0;0;0;0;4;0;4;4;0;0;0;0;1736.76;27.5398;1661;1788;0.904401;0.0046521;0.892006;0.914468;
61;0;61;61;184.7;2.5318;180;190;184.92;12.9605;155;216;355.99;26.7557;293;430;191.29;13.0762;162;230;705.76;31.0487;642;762;2685.76;108.608;2368;2857;3547.2;137.178;3150;3814;3757.05;222.016;2952;4276;3963.9;52.9763;3900;4052;1769.94;45.0641;1683;1879;722.9;19.7142;682;773;3962.22;155.163;3612;4230;0;0;0;0;4;0;4;4;0;0;0;0;1648.62;33.8103;1577;1716;0.903011;0.00535845;0.886262;0.917877;
61.8333;0.372678;61;62;212.222;32.4526;162;241;184.861;22.4773;147;232;374.944;50.4469;293;494;212.333;31.9939;172;296;701.111;86.0445;621;864;2513.39;228.489;2200;2885;3181.28;255.084;2816;3611;3322.53;310.948;2840;3994;3336.89;105.321;3185;3430;1614.44;131.154;1492;1864;675.667;67.8602;611;804;3491.17;255.577;3105;3951;0;0;0;0;4;0;4;4;0;0;0;0;1776.47;69.1474;1705;1936;0.879901;0.0133969;0.847519;0.899264;
62;0;62;62;179.6;4.87442;161;189;184.67;13.03;153;212;363.14;20.6703;307;408;200.82;13.6069;172;228;727.02;36.1748;641;775;2562.31;131.343;2244;2773;3318.58;180.19;2904;3634;3516.77;229.133;3040;4026;3719.12;80.816;3586;3794;1731.67;67.9286;1609;1842;711.27;29.7452;640;756;3739.49;197.513;3277;4138;0;0;0;0;4;0;4;4;0;0;0;0;1704.27;55.5163;1591;1790;0.891636;0.00908445;0.865402;0.904814;
63;0;63;63;203.46;8.13931;189;214;211.44;20.2802;150;248;413.47;39.2401;301;502;222.34;21.4705;150;268;773.46;64.0266;586;846;2635.36;216.264;2052;2994;3348.94;285.539;2710;3733;3534.82;357.971;2540;4288;3712.32;204.283;3309;3974;1767.5;116.252;1507;1951;750.56;50.1079;633;831;3730.92;302.536;3009;4185;0;0;0;0;4;0;4;4;0;0;0;0;1911.39;53.0188;1784;2019;0.881244;0.00969605;0.841981;0.900709;
62.94;0.237487;62;63;183.8;4.79166;178;192;198.24;12.1236;173;220;389.39;28.0553;328;471;216.84;17.155;185;260;743.12;31.711;677;841;2499.46;84.9878;2367;2666;3212.12;120.865;2948;3439;3381.43;167.115;3010;3776;3562.9;19.2065;3537;3590;1731.88;38.0324;1626;1793;735.76;21.8683;700;790;3579.58;136.067;3290;3870;0;0;0;0;4;0;4;4;0;0;0;0;1846.42;26.8403;1780;1882;0.87916;0.0118221;0.845785;0.899385;
62;0;62;62;169.667;3.23179;165;174;188.806;19.6721;146;221;397.361;61.4465;262;523;201.278;23.8824;160;263;726.111;82.0656;595;862;2570.33;145.248;2326;2828;3261.44;159.547;3006;3593;3414.75;253.942;2979;3880;3325.22;172.328;3076;3494;1620.22;60.0329;1549;1717;673.111;28.6218;628;724;3570.78;145.267;3339;3789;0;0;0;0;4;0;4;4;0;0;0;0;1842.31;38.4107;1731;1884;0.888642;0.0106887;0.861204;0.907598;
61.36;0.48;61;62;239.16;3.73823;233;247;211.39;21.7595;157;291;386.86;42.724;277;546;235.4;31.0393;192;451;764.28;64.5851;692;956;2514.4;182.576;2013;2743;3172.96;227.703;2604;3499;3344.04;334.406;2115;4112;3522.44;198.953;3040;3725;1817.52;73.9828;1657;2005;787.36;43.0775;729;957;3607.52;240.659;2926;4005;0;0;0;0;4;0;4;4;0;0;0;0;1676.32;42.5847;1594;1779;0.867865;0.0161357;0.76925;0.893797;
62.16;0.366606;62;63;170.6;5.14198;166;178;177.09;12.8849;151;208;357.31;20.879;307;449;184.63;10.987;162;220;655.96;25.98;611;748;2649.18;119.72;2482;2987;3482.8;175.441;3213;3954;3690.93;250.782;3307;4472;3931.1;120.783;3782;4061;1692.7;67.8343;1611;1873;685.94;28.682;650;767;3862.56;192.564;3512;4305;0;0;0;0;4;0;4;4;0;0;0;0;1799.24;32.4155;1739;1879;0.904564;0.0047341;0.891876;0.914485;
62.92;0.271293;62;63;198.24;27.0884;167;227;186.9;10.6691;157;211;368.58;19.4649;325;420;191.38;10.6205;158;217;678.28;28.0136;614;742;2859.32;86.1059;2615;2991;3787.6;129.741;3398;3992;4019.61;160.008;3488;4387;4131.12;202.323;3798;4318;1795.2;45.7996;1654;1851;719.08;23.0042;668;755;4197.36;129.523;3883;4380;0;0;0;0;4;0;4;4;0;0;0;0;1850.5;27.713;1811;1908;0.909053;0.00475156;0.896048;0.918638;
64.58;0.635295;63;66;208.74;6.81707;192;219;195.59;13.7696;169;227;361.99;29.157;303;461;214.26;14.9784;184;254;697.08;35.7971;623;766;2462.84;65.8162;2331;2574;3190.2;78.2821;3024;3338;3334.89;150.334;2905;3630;3603.04;22.3812;3581;3652;1668.88;29.703;1607;1721;706.86;17.2453;673;738;3558.62;88.5383;3408;3764;0;0;0;0;4;0;4;4;0;0;0;0;1593.08;20.833;1561;1649;0.879139;0.00850932;0.85653;0.895911;
61;0;61;61;187.5;1.11803;185;188;183.694;14.1751;149;215;364.111;23.283;299;416;215.194;17.0568;178;247;714.056;16.4502;698;770;2455.67;86.0801;2293;2629;3132.67;124.48;2945;3421;3287.22;171.403;2626;3504;3434.33;93.1695;3226;3476;1685.22;48.2776;1596;1804;714.944;20.3155;687;756;3468.22;119.575;3322;3716;0;0;0;0;4;0;4;4;0;0;0;0;1697.83;24.3579;1661;1752;0.877049;0.00830509;0.860573;0.89711;
61;0;61;61;241.556;6.36154;233;247;210.306;16.8008;180;237;383.917;26.9283;322;430;221.194;17.7699;183;256;744.5;32.7384;681;790;2575.28;124.187;2338;2709;3267.28;139.604;3037;3512;3444.47;245.232;2599;3898;3603.72;67.7412;3362;3640;1779.33;48.0555;1697;1852;748.667;24.3059;708;788;3683.11;160.999;3384;3909;0;0;0;0;4;0;4;4;0;0;0;0;1663.39;33.4683;1613;1731;0.879102;0.00845438;0.85825;0.894185;
62.18;0.384187;62;63;198.9;25.5752;171;226;182.9;13.7321;146;216;383.39;22.5667;330;433;189.1;10.7893;167;218;695.06;31.3001;643;775;2673.58;100.654;2504;2933;3445.14;133.504;3222;3853;3671.76;195.958;3275;4220;3836.7;44.793;3776;3883;1690.84;44.4101;1637;1842;694.48;24.6002;667;767;3818.86;155.489;3620;4321;0;0;0;0;4;0;4;4;0;0;0;0;1720.03;44.9863;1635;1801;0.901948;0.00487873;0.883298;0.913583;
63;0;63;63;236.313;5.98664;230;246;195.297;13.2272;168;225;417.266;28.1981;335;484;200.422;11.0068;174;227;781.875;37.3487;730;892;2745.06;72.3926;2614;2920;3474.09;96.1234;3347;3718;3612.14;187.65;3208;4156;3771.88;142.266;3495;3905;1675.28;55.9359;1599;1867;687.938;31.7863;653;824;3849.97;96.3452;3727;4074;0;0;0;0;4;0;4;4;0;0;0;0;1768.06;56.1913;1698;1920;0.89463;0.00750056;0.876652;0.90821;
62;0;62;62;173.93;2.66179;166;180;185.82;12.8292;152;218;380.58;20.8188;323;423;192.61;14.0541;157;224;687.98;27.1197;635;743;2723.39;118.064;2460;2950;3517.93;180.325;3214;3858;3733.14;230.667;3173;4171;3895.61;95.191;3596;4065;1721.86;74.2699;1582;1849;702.43;32.7543;641;753;3886.5;196.542;3500;4218;0;0;0;0;4;0;4;4;0;0;0;0;1805.3;55.1722;1702;1882;0.901781;0.00582724;0.888461;0.913527;
61;0;61;61;242.4;2.50599;239;248;214.43;12.6825;189;246;394.7;23.5387;341;462;228.17;13.2311;193;263;742.22;37.7499;660;801;2559.2;80.4858;2376;2704;3265.14;95.5167;3021;3432;3406.91;154.007;2902;3674;3653.1;44.1521;3600;3875;1706.42;46.3414;1608;1796;730.86;26.5028;662;773;3649.3;107.792;3418;3800;0;0;0;0;4;0;4;4;0;0;0;0;1606.81;22.063;1569;1658;0.874325;0.00752443;0.854495;0.896542;
63;0;63;63;168.25;3.34477;163;172;184.672;20.6829;129;216;391.109;46.7383;260;484;195.672;22.5645;148;253;723.125;48.3307;656;823;2661.19;153.51;2260;2850;3417.75;197.217;2938;3736;3585.22;322.772;2856;4168;3682.25;268.622;3297;4023;1712.25;71.7692;1583;1855;696.5;29.4109;645;766;3775.06;216.519;3323;4184;0;0;0;0;4;0;4;4;0;0;0;0;1861.95;44.1558;1747;1926;0.896305;0.00987889;0.868195;0.918527;
62;0;62;62;187.96;7.74845;170;195;192.16;13.3916;156;231;374.98;22.2827;315;449;215.32;15.468;184;248;746.4;25.2365;705;790;2485.16;121.904;2278;2714;3175.76;159.804;2879;3452;3367.64;208.77;2866;3898;3588.28;76.4453;3467;3678;1706.92;47.1109;1615;1790;701.76;19.3128;670;744;3588.8;179.306;3265;3962;0;0;0;0;4;0;4;4;0;0;0;0;1715.1;59.1447;1608;1834;0.87945;0.0105048;0.856065;0.900073;
62;0;62;62;171.16;3.74892;166;178;183.4;10.7907;153;209;371.81;20.7994;321;429;189.75;9.62743;167;219;691;31.4146;619;749;2756.88;94.4302;2513;2898;3613.6;138.592;3295;3880;3839.31;180.157;3210;4188;4038.84;68.0721;3954;4117;1749.08;45.5367;1652;1821;706.88;20.8985;669;743;4020.52;144.064;3652;4319;0;0;0;0;4;0;4;4;0;0;0;0;1647.88;34.5364;1595;1702;0.90571;0.00478258;0.890244;0.916335;
61;0;61;61;193.16;10.8726;180;210;198.63;16.4132;144;230;378.68;30.009;302;446;214.19;17.2068;174;257;708.76;44.2215;623;787;2577.64;121.7;2238;2795;3315.36;157.404;2834;3562;3527.64;220.511;2702;3870;3724.88;54.4127;3648;3805;1724.2;56.2637;1620;1831;706.68;26.8384;653;761;3694.68;167.661;3248;4001;0;0;0;0;4;0;4;4;0;0;0;0;1609.98;32.7997;1518;1681;0.885353;0.00834483;0.864734;0.904968;
62;0;62;62;216.25;9.60143;206;229;201.51;13.5805;167;234;383.05;30.2167;333;500;213.44;15.5482;179;260;703.59;40.073;640;821;2601.23;120.95;2376;2959;3344.77;151.257;3028;3760;3488.37;198.438;2758;3842;3752.25;86.8486;3613;3837;1717.48;46.6749;1646;1862;719.05;26.7452;672;794;3720.56;159.295;3391;4165;0;0;0;0;4;0;4;4;0;0;0;0;1637.95;63.7414;1547;1797;0.884541;0.00785112;0.859857;0.900564;
61;0;61;61;163.9;3.64555;159;170;176.38;10.7729;145;205;325.62;15.973;287;357;184.44;8.34424;167;208;630.56;24.3353;599;684;2553.88;133.046;2356;2856;3410.82;182.354;3076;3776;3592.84;191.301;3144;4014;3798.7;86.093;3702;3907;1709.26;61.635;1618;1844;695.5;27.3264;660;758;3791.74;181.169;3481;4180;0;0;0;0;4;0;4;4;0;0;0;0;1668.23;57.5227;1596;1819;0.902193;0.0048636;0.884892;0.911672;
62;0;62;62;171;5.24404;162;175;182.87;12.5528;157;216;344.72;22.7816;292;392;190.77;11.6918;157;218;645.27;30.7697;582;689;2636.25;115.486;2386;2882;3513.28;186.18;3112;3935;3699.97;244.582;3155;4252;3947.75;85.6224;3820;4034;1740.53;50.3798;1630;1874;704.38;22.8078;653;760;3894.37;194.654;3575;4339;0;0;0;0;4;0;4;4;0;0;0;0;1693.36;74.5054;1608;1905;0.901726;0.00618457;0.885975;0.91683;
62;0;62;62;174.5;3.81881;167;180;179.028;9.33776;150;196;362.167;16.891;325;387;185.389;7.56923;168;197;659.667;16.207;640;705;2680.39;57.9033;2565;2794;3530.61;87.0965;3348;3661;3712.81;142.229;3398;3948;3877.83;185.949;3605;4103;1680.56;39.2884;1590;1727;685.611;18.9536;648;713;3907.22;98.6929;3679;4046;0;0;0;0;4;0;4;4;0;0;0;0;1672.83;12.6656;1640;1696;0.904798;0.00441429;0.892896;0.912998;
61.88;0.324962;61;62;167.72;3.8835;161;173;178.42;13.0147;138;205;369.69;17.0662;306;408;194.19;11.6393;168;228;685.08;21.6886;645;731;2526.2;50.1892;2439;2614;3251.4;84.2064;3095;3416;3450.19;154.54;3074;3853;3619.08;74.1112;3521;3694;1647.08;27.9155;1590;1709;679.44;14.5742;650;720;3631.24;106.336;3424;3888;0;0;0;0;4;0;4;4;0;0;0;0;1661.03;23.5697;1615;1705;0.89329;0.00717189;0.870872;0.907614;
62;0;62;62;176.66;3.7609;170;182;181.86;12.51;142;208;369.21;22.9431;309;429;190.76;16.2482;163;260;684.54;31.1944;620;737;2534.46;122.048;2303;2851;3279.58;176.808;2941;3685;3507.05;234.197;3021;4064;3701.36;107.264;3534;3804;1641.94;59.3041;1508;1736;676.12;25.4155;619;716;3679.3;198.8;3274;4147;0;0;0;0;4;0;4;4;0;0;0;0;1643.48;42.2529;1528;1747;0.896573;0.00925592;0.863122;0.914723;
62;0;62;62;218.46;5.59718;210;225;201;15.0127;163;236;415.32;33.6862;343;515;227.6;17.1172;192;277;768.94;38.005;698;848;2470.24;117.994;2173;2866;3058.92;144.549;2791;3483;3229.76;201.506;2691;3702;3441.94;85.1341;3262;3589;1649.64;40.5368;1568;1763;716.32;16.31;689;751;3428.9;132.242;3165;3816;0;0;0;0;4;0;4;4;0;0;0;0;1722.5;21.8474;1679;1758;0.868045;0.010586;0.836007;0.888776;
63;0;63;63;224.84;4.22071;216;235;209.69;16.8284;162;252;421.68;40.6039;346;521;221.35;27.9733;181;311;720.76;74.4136;607;894;2654.2;160.173;2304;2931;3274.76;207.553;2809;3639;3404.96;253.322;2504;3961;3488.32;187.252;3206;3684;1629.6;48.8696;1530;1720;675.6;41.2505;616;742;3565.36;201.684;3079;3929;0;0;0;0;4;0;4;4;0;0;0;0;1818.95;42.9596;1667;1886;0.877173;0.0189298;0.819762;0.903005;
62;0;62;62;176.7;3.22645;174;183;185.81;12.979;146;219;372.52;32.1806;255;463;188.23;17.2776;133;263;673.16;48.2528;537;805;2706.58;151.554;2070;2918;3564.58;184.98;2791;3796;3791.41;255.974;2388;4163;3986.7;11.3406;3969;3999;1708.68;49.5598;1591;1789;694.7;22.0066;627;729;3956.32;176.163;3392;4195;0;0;0;0;4;0;4;4;0;0;0;0;1721;28.3542;1662;1770;0.905273;0.00754424;0.87267;0.917599;
61;0;61;61;188.83;6.97001;170;199;186.42;12.4909;156;212;360.99;17.7034;315;411;190.74;8.91697;168;219;704.6;31.686;647;807;2645.75;58.3961;2521;2814;3475.18;65.4943;3326;3630;3731.24;112.015;3378;3989;3959.39;150.911;3536;4132;1730.58;32.6635;1672;1820;695.65;16.7448;674;745;3939.11;75.0246;3745;4169;0;0;0;0;4;0;4;4;0;0;0;0;1587.27;27.9295;1545;1683;0.902709;0.00414313;0.891232;0.911143;
